<?xml version="1.0" encoding="ISO-8859-1"?>
<root>
	<item id="Title"><![CDATA[Discuz! Plugin]]></item>
	<item id="Version"><![CDATA[X3.*]]></item>
	<item id="Time"><![CDATA[2019-03-06 00:01]]></item>
	<item id="From"><![CDATA[易商户]]></item>
	<item id="Data">
		<item id="plugin">
			<item id="available"><![CDATA[1]]></item>
			<item id="adminid"><![CDATA[1]]></item>
			<item id="name"><![CDATA[微信支付个人版]]></item>
			<item id="identifier"><![CDATA[eshanghu]]></item>
			<item id="description"><![CDATA[通过易商户的微信支付个人接口进行充值积分。]]></item>
			<item id="datatables"><![CDATA[]]></item>
			<item id="directory"><![CDATA[eshanghu/]]></item>
			<item id="copyright"><![CDATA[eshanghu]]></item>
			<item id="version"><![CDATA[1.0]]></item>
			<item id="__modules">
				<item id="0">
					<item id="name"><![CDATA[eshanghu]]></item>
					<item id="param"><![CDATA[]]></item>
					<item id="menu"><![CDATA[积分充值]]></item>
					<item id="url"><![CDATA[https://1shanghu.com]]></item>
					<item id="type"><![CDATA[19]]></item>
					<item id="adminid"><![CDATA[0]]></item>
					<item id="displayorder"><![CDATA[0]]></item>
					<item id="navtitle"><![CDATA[]]></item>
					<item id="navicon"><![CDATA[]]></item>
					<item id="navsubname"><![CDATA[]]></item>
					<item id="navsuburl"><![CDATA[]]></item>
				</item>
				<item id="1">
					<item id="name"><![CDATA[eshanghu]]></item>
					<item id="param"><![CDATA[]]></item>
					<item id="menu"><![CDATA[]]></item>
					<item id="url"><![CDATA[]]></item>
					<item id="type"><![CDATA[11]]></item>
					<item id="adminid"><![CDATA[0]]></item>
					<item id="displayorder"><![CDATA[0]]></item>
					<item id="navtitle"><![CDATA[]]></item>
					<item id="navicon"><![CDATA[]]></item>
					<item id="navsubname"><![CDATA[]]></item>
					<item id="navsuburl"><![CDATA[]]></item>
				</item>
			</item>
		</item>
		<item id="version"><![CDATA[X3.4]]></item>
		<item id="var">
			<item id="0">
				<item id="displayorder"><![CDATA[1]]></item>
				<item id="title"><![CDATA[个人商户号]]></item>
				<item id="description"><![CDATA[官网：https://1shanghu.com]]></item>
				<item id="variable"><![CDATA[mchid]]></item>
				<item id="type"><![CDATA[text]]></item>
				<item id="value"><![CDATA[]]></item>
				<item id="extra"><![CDATA[]]></item>
			</item>
			<item id="1">
				<item id="displayorder"><![CDATA[2]]></item>
				<item id="title"><![CDATA[AppKey]]></item>
				<item id="description"><![CDATA[官网：https://1shanghu.com]]></item>
				<item id="variable"><![CDATA[app_key]]></item>
				<item id="type"><![CDATA[text]]></item>
				<item id="value"><![CDATA[]]></item>
				<item id="extra"><![CDATA[]]></item>
			</item>
			<item id="2">
				<item id="displayorder"><![CDATA[3]]></item>
				<item id="title"><![CDATA[AppSecret]]></item>
				<item id="description"><![CDATA[官网：https://1shanghu.com]]></item>
				<item id="variable"><![CDATA[app_secret]]></item>
				<item id="type"><![CDATA[text]]></item>
				<item id="value"><![CDATA[]]></item>
				<item id="extra"><![CDATA[]]></item>
			</item>
			<item id="3">
				<item id="displayorder"><![CDATA[3]]></item>
				<item id="title"><![CDATA[充值的积分类型]]></item>
				<item id="description"><![CDATA[选择您要充值的积分类型 如：金钱]]></item>
				<item id="variable"><![CDATA[integral_type]]></item>
				<item id="type"><![CDATA[extcredit]]></item>
				<item id="value"><![CDATA[2]]></item>
				<item id="extra"><![CDATA[]]></item>
			</item>
			<item id="4">
				<item id="displayorder"><![CDATA[4]]></item>
				<item id="title"><![CDATA[1人民币等于]]></item>
				<item id="description"><![CDATA[设置人民币与站点交易积分间的兑换比率，例如设置为 10，则 1 元人民币可以兑换 10 个单位的交易积分。本功能需开启交易积分]]></item>
				<item id="variable"><![CDATA[integral_proportion]]></item>
				<item id="type"><![CDATA[text]]></item>
				<item id="value"><![CDATA[10]]></item>
				<item id="extra"><![CDATA[]]></item>
			</item>
		</item>
	</item>
</root>